,Nombres,Descripcion,Votos
0,Adcreative,Genere la conversión centrada en el anuncio y las redes sociales de las creaciones en cuestión de segundos. Obtenga mejores resultados mientras ahorra tiempo.,515
1,Munch,"Convierte automáticamente los videos de forma larga en clips cortos basados ​​en datos para las redes sociales. Munch genera exposición y participación al cosechar los usuarios de Tiktok, IG, YT y FB y aplicarlo a sus clips generados por AI.",208
2,Jasper,"Cree contenido 10 veces más rápido con inteligencia artificial. Jasper es la herramienta de redacción de IA de la más alta calidad con más de 3,000 revisiones de 5 estrellas. Lo mejor para escribir publicaciones de blog, contenido de redes sociales y copia de marketing.",266
3,Midjourney,"Generador de arte AI basado en difusión estable.
Su sitio web los describe como ""un laboratorio de investigación independiente que explora nuevos medios de pensamiento y expandiendo los poderes imaginativos de la especie humana"".",742
4,HoppyCopy,"Escriba correos electrónicos de alta conversión, 10 veces más rápido.
Ahorre innumerables horas escribiendo. Use AI para generar una copia poderosa para cientos de diferentes campañas de marketing por correo electrónico, gotas, boletines y más.",113
5,Moonbeam,La IA de Moonbeam te dará todo lo que necesitas para escribir contenido de forma larga asesina. Ve 2x mejor en la escritura en 10 minutos.,413
6,Soofy,"Soofy es una aplicación AI Language-Learning que ofrece un enfoque innovador para dominar un nuevo idioma. Con un enfoque en la práctica y los escenarios de la vida real, Soofy proporciona a los usuarios características para mejorar la pronunciación, la escritura y las habilidades de conversación. Desde escribir ensayos y describir imágenes hasta hacer debates y escenarios de juegos de roles con una IA, Soofy ofrece una amplia gama de opciones de lenguaje y características atractivas para ayudarlo a practicar y mejorar sus habilidades lingüísticas.",30
7,Octane AI,El cuestionario de productos todo en uno de Octane AI y la plataforma de datos de partidos cero es la forma #1 para que las marcas Shopify aumenten los ingresos a través de la personalización.,11
8,Chatty Cat,"Haga cualquier pregunta, chatee con mensajes de voz y solicite imágenes de AI en WhatsApp.",86
