,Nombres,Descripcion,Pagina
0,Rizemail,"Obtenga información de correo electrónico conciso en segundos. Ahorre tiempo, manténgase organizado y agilice su bandeja de entrada.",https://www.rizemail.app/?utm_source=futurepedia&utm_medium=marketplace&utm_campaign=futurepedia
1,Subject Line Generator,El generador de línea de asunto es una herramienta con IA diseñada para ayudar a los usuarios a crear líneas de asunto de correo electrónico convincentes,https://subjectlinegenerator.com/?utm_source=futurepedia&utm_medium=marketplace&utm_campaign=futurepedia
2,ChatGPT Writer,Genere correos electrónicos/respuestas basados ​​en palabras clave,https://chatgptwriter.ai/?utm_source=futurepedia&utm_medium=marketplace&utm_campaign=futurepedia
3,Email Signature Parser,Mejore su experiencia de Gmail con extracción de contacto,https://chrome.google.com/webstore/detail/email-signature-parser/ppfaojnpnmfpdmhiefkljpbceaplogkn?utm_source=futurepedia&utm_medium=marketplace&utm_campaign=futurepedia
4,Gmail GPT,Gmail GPT es una herramienta de IA gratuita diseñada para mejorar la comunicación por correo electrónico generando y ayudando a escribir correos electrónicos.,https://workspace.google.com/marketplace/app/gmail_gpt/899305976589?utm_source=futurepedia&utm_medium=marketplace&utm_campaign=futurepedia
5,Helper.email,"Herramienta de productividad que utiliza la tecnología GPT de OpenAI para mejorar el uso del correo electrónico, incluida la redacción de correos electrónicos y resumiendo los hilos largos.",https://helper.email/?utm_source=futurepedia&utm_medium=marketplace&utm_campaign=futurepedia
6,Angry Email Translator,Herramienta gratuita para transformar los correos electrónicos enojados en los educados,https://angryemailtranslator.com/?utm_source=futurepedia&utm_medium=marketplace&utm_campaign=futurepedia
7,AI Email Writer,Software de asistencia de generación por correo electrónico.,https://ai-emailwriter.com/?utm_source=futurepedia&utm_medium=marketplace&utm_campaign=futurepedia
8,EmoGPT,Respuestas de correo electrónico personalizadas para Gmail.,https://emogpt.com/?utm_source=futurepedia&utm_medium=marketplace&utm_campaign=futurepedia
9,SimpleMail,Escritura y resumen automatizado por correo electrónico.,https://simplemail.ai/?utm_source=futurepedia&utm_medium=marketplace&utm_campaign=futurepedia
10,Emaildojo,Generación de contenido para las redes sociales específicas.,https://emaildojo.io/ai-content-generator?utm_source=futurepedia&utm_medium=marketplace&utm_campaign=futurepedia
11,EzMail,Redacción de correo electrónico personalizada automatizada.,https://www.ezmail.ai/?utm_source=futurepedia&utm_medium=marketplace&utm_campaign=futurepedia
12,GhostAI,Automatice sus correos electrónicos con un clic de un botón.,https://www.ghostai.co/?utm_source=futurepedia&utm_medium=marketplace&utm_campaign=futurepedia
13,Alby.email,Automatización basada en correo electrónico para completar la tarea rápida.,https://aiby.email/?utm_source=futurepedia&utm_medium=marketplace&utm_campaign=futurepedia
14,Victor,Respuestas de correo electrónico generadas y resumidas.,https://usevictor.com/?utm_source=futurepedia&utm_medium=marketplace&utm_campaign=futurepedia
15,SummrAIz,¡El mejor resumen del boletín! Obtenga resúmenes concisos de 250 palabras de sus boletines favoritos dos veces por semana en su bandeja de entrada. Manténgase informado con detalles clave y acceda a contenido original con enlaces.,https://summraiz.fyi/?utm_source=futurepedia&utm_medium=marketplace&utm_campaign=futurepedia
16,Auger,Auger identifica y elimina los correos electrónicos de divulgación de su bandeja de entrada con GPT.,https://www.getauger.com/?utm_source=futurepedia&utm_medium=marketplace&utm_campaign=futurepedia
17,Lindy.ai,Gestión de tareas automatizadas para calendario y correo electrónico.,https://www.lindy.ai/?utm_source=futurepedia&utm_medium=marketplace&utm_campaign=futurepedia
18,Ultramail,Enviar correos electrónicos de marketing personalizados sin esfuerzo,https://ultramail.vercel.app/?utm_source=futurepedia&utm_medium=marketplace&utm_campaign=futurepedia
19,ChatGPT LinkedIn Email Generator,Cree rápidamente un correo electrónico personalizado a un cliente potencial comercial desde su página de perfil de LinkedIn para aumentar su tasa de respuesta por correo electrónico y vender más.,https://truebase.io/?utm_source=futurepedia&utm_medium=marketplace&utm_campaign=futurepedia
20,Hiwriter GPT for Gmail,"Sus correos electrónicos ahora se escribirán ellos mismos. Use el GPT-3 de Openai para generar correos electrónicos apropiados de manera rápida y sin esfuerzo, sin tener que pensar.",https://hiwriter.rebump.cc/?utm_source=futurepedia&utm_medium=marketplace&utm_campaign=futurepedia
21,Email Triager,Use AI para redactar automáticamente las respuestas por correo electrónico en segundo plano.,https://www.emailtriager.com/?utm_source=futurepedia&utm_medium=marketplace&utm_campaign=futurepedia
22,IntelliMail,"Intellimail es una extensión de Chrome que genera sus correos electrónicos, por lo que nunca tendrá que volver a escribir uno.",https://www.intellimail.xyz/?utm_source=futurepedia&utm_medium=marketplace&utm_campaign=futurepedia
23,Ask Experts AI,¡Haga cualquier pregunta que tenga a un equipo de expertos en IA!,https://www.askexperts.ai/?utm_source=futurepedia&utm_medium=marketplace&utm_campaign=futurepedia
24,Subjectgenius,Supercarga su correo electrónico y marketing de ciclo de vida.,https://subjectgeni.us?utm_source=futurepedia&utm_medium=marketplace&utm_campaign=futurepedia
25,AI Mailer,Use GPT para producir correos electrónicos de alta calidad basados ​​en sujeto o tema,https://ai-mailer.com?utm_source=futurepedia&utm_medium=marketplace&utm_campaign=futurepedia
26,Professionalize It To Me,Genere sus correos electrónicos profesionales con un solo clic.,https://www.professionalizeitto.me/?utm_source=futurepedia&utm_medium=marketplace&utm_campaign=futurepedia
27,Addy AI,Asistente de correo electrónico de IA que puede componer y responder a sus correos electrónicos,https://addy-ai.com?utm_source=futurepedia&utm_medium=marketplace&utm_campaign=futurepedia
28,Harpa.ai,Haz más de tu navegador,https://harpa.ai/?utm_source=futurepedia&utm_medium=marketplace&utm_campaign=futurepedia
29,Quick Reply,Respuestas a IA a sus mensajes con solo unos pocos clics,https://quickreply.cfd/?utm_source=futurepedia&utm_medium=marketplace&utm_campaign=futurepedia
30,Begone Spammer,Genere respuestas ágiles personalizadas a correos electrónicos no invitados,https://begonespammer.com/?utm_source=futurepedia&utm_medium=marketplace&utm_campaign=futurepedia
31,Onesta AI,Conozca a su nuevo asistente de ventas de IA. Entregue sin esfuerzo mensajes hiperpersonalizados a todos sus contactos.,https://www.onesta.ai/?utm_source=futurepedia&utm_medium=marketplace&utm_campaign=futurepedia
32,PolitePost,Politepost te ayuda a escribir correos electrónicos educados y seguros con asistencia de IA.,https://politepost.net/?utm_source=futurepedia&utm_medium=marketplace&utm_campaign=futurepedia
33,SuperReply,Herramienta de respuesta por correo electrónico con AI para que coincida con el tono y elija los mejores correos electrónicos.,https://superreply.co/?utm_source=futurepedia&utm_medium=marketplace&utm_campaign=futurepedia
